Rank,teamId,teamImageId,teamFullName,Team,teamAbbrevName,leagueId,leagueName,GM,SubOn,SubOff,GWG,SOG,SOTInBox,SOTOBox,BlkdInBox,BlkdOutBox,OFF,OffTgtOBox,OffTgtInBox,PenTaken,PenGoal,ShotDirFK,GoalDirFK,GoalInBx,GoalOBx,GoalOP,GoalHead,OfTgHd,SOTHead,GoalLF,GoalRF,ShotLF,ShotRF,PsOpHfFl,PsOnHfFl,PsAtt,PsOnHfScs,PsOpHfScs,ExpG,Goal,Ast,ExpA,BgChnc,BgChncCrtd,ChncSetPl,ChncOpnPl,Chance,1v1,1v1InBox,Scs1v1InBox,SucflDuels,Success1v1,ThrghBalls,ThrghBlCmp,Touches,DuelLs,FailTackle,SucflTkls,Int,DefTouch,SucflTklPct,Clrnce,HeadClear,Recovery,FlComA3,FlComD3,FlComM3,FlSufA3,FlSufD3,FlSufM3,Offsides,CleanSheet,CrossPunch,ErrGoal,ErrShot,Cleared,KeeperCtch,GoalCncd,GoalCnIBx,GoalCnOBx,PensWon,Saves,SvBody,SvCght,SvClct,SvDive,SvFeet,SvFTip,SvHands,SvInBox,SvOutBox,SvPrdDng,SvPrdSaf,SvReach,SvStand,SvStoop,2ndYellow,Red,Yellow,BgChncFace,Turnover,Disposs,TchsA3,TchsD3,TchsM3,TouchOpBox,PctPassFwd,PassSucPct,PsCmpM3,PsCmpA3,PsCmpD3,PsAttA3,PsAttM3,PsAttD3,AerialSucPct,Aerials,ExpGAg,BgChncGoal,Crosses,DefTouchD3,DefTouchD3,DefTouchM3,DefTouchA3,OpenPlayxG,SetPiecexG,OpenPlayxG,SetPiecexG,NonPenxG,KeyPasses,DefBlocks,xGPerShot,ShotsTotal,CrossScsPct,CrossScsPctOpnPl,PctRegainsWithin6S,RecoveriesOppositionHalf,OpponentPossessionsStartingAndEndingInTheirOwnHalf,PassesIntoBox,ConcededPassesIntoBox,PassesIntoBox,ConcededPassesIntoBox,optaTeamId,null,Week,game,Home,Away,Win,Draw,Loss,Date,gameId,opponentId,opponentTeamImageId,oppOptaTeamId,teamFullName,opponentFullName,opponent,score,finalScoreOpponent,gameStatus,Result,scatterId,scatterExtra
1,73xrv2025rnj0t3y9ayp83bec,6925,Edmonton,Edmonton,EDM,6lkj3o21cr4g7bql6tb3fk222,Canadian Premier League (Canada),1,5,5,0,2,2,0,0,3,8,2,2,0,0,1,0,0,0,0,0,2,0,0,0,6,2,37,15,347,169,126,1.25,0,0,1.09,1,1,5,4,9,24,2,0,44,13,0,0,518,53,4,8,9,50,52.2%,26,13,43,2,5,6,3,3,3,2,0,0,0,0,0,0,2,1,1,0,2,0,0,2,1,0,0,2,1,1,0,0,0,1,0,0,0,0,0,4,6,107,198,213,15,30.3%,85.0%,145,43,107,51,167,129,41.7%,24,0.31,0,17,40,40,8,2,0.42,0.84,0.42,0.84,1.25,9,2,0.10,13,0.12,0.00,21.7%,5.00,11,4,17,4,17,6925,,,FOR vs EDM,false,true,false,false,true,2020-08-16,7t5b01x3jsqkkavibyn5aej2s,c2pdzdl3dgf5b0siidn2ay5ii,15377,15377,Edmonton,Forge,FOR,0,2,Played,L 0-2,2126225,FOR vs EDM (2020-08-16)
1,73xrv2025rnj0t3y9ayp83bec,6925,Edmonton,Edmonton,EDM,6lkj3o21cr4g7bql6tb3fk222,Canadian Premier League (Canada),1,4,4,0,0,0,0,0,0,5,2,1,0,0,1,0,0,0,0,0,2,0,0,0,2,1,58,13,235,82,82,0.26,0,0,0.11,0,0,2,0,2,13,0,0,52,6,0,0,417,46,4,7,11,51,64.7%,28,9,41,7,3,7,3,7,5,4,0,0,0,0,0,0,2,2,0,0,3,0,0,1,2,1,0,2,2,1,1,1,0,1,0,0,1,1,5,6,10,71,153,193,7,48.5%,69.8%,89,19,56,30,125,80,65.6%,32,2.92,0,8,38,38,11,2,0.08,0.18,0.08,0.18,0.26,2,1,0.05,5,0.25,0.00,40.0%,7.00,13,3,11,3,11,6925,,,EDM vs CAV,true,false,false,false,true,2020-08-21,7tigxj35sgqjbet0qxe22v21g,41ewt71n8fqwy6trsqta1bjvu,15381,15381,Edmonton,Cavalry,CAV,0,2,Played,L 0-2,2126240,EDM vs CAV (2020-08-21)
1,73xrv2025rnj0t3y9ayp83bec,6925,Edmonton,Edmonton,EDM,6lkj3o21cr4g7bql6tb3fk222,Canadian Premier League (Canada),1,5,5,0,4,3,1,3,1,4,0,0,0,0,0,0,2,0,2,0,3,0,2,0,4,1,44,15,481,219,203,2.38,2,1,1.74,3,2,6,2,8,24,0,0,58,11,0,0,679,52,4,14,9,40,81.8%,10,6,41,8,4,5,5,6,5,0,0,0,1,0,0,0,2,2,0,0,2,0,0,2,1,0,0,2,0,2,0,0,0,1,0,0,0,3,1,6,11,150,193,336,14,30.4%,87.7%,241,62,119,68,276,137,53.8%,26,0.73,2,24,25,25,10,5,1.66,0.72,1.66,0.72,2.38,7,2,0.20,12,0.21,0.13,22.2%,12.00,14,11,12,11,12,6925,,,ATO vs EDM,false,true,false,true,false,2020-08-23,7tqr229an5mqpjp1qgvl7e0pg,dn8tjhuq0bax4dgixqvluhzze,16614,16614,Edmonton,Atlético Ottawa,ATO,2,2,Played,T 2-2,2126243,ATO vs EDM (2020-08-23)
1,73xrv2025rnj0t3y9ayp83bec,6925,Edmonton,Edmonton,EDM,6lkj3o21cr4g7bql6tb3fk222,Canadian Premier League (Canada),1,5,5,0,3,1,2,2,3,4,2,2,1,0,1,0,0,1,1,0,0,0,0,1,4,3,65,26,539,263,185,1.25,1,0,0.29,1,0,0,6,6,29,2,0,69,13,0,0,773,58,11,12,11,47,69.7%,12,3,54,3,1,6,4,4,11,0,0,0,0,0,0,2,3,3,0,1,1,0,0,1,0,0,0,1,0,1,0,0,0,1,0,0,0,1,3,0,12,150,248,375,19,34.3%,83.1%,250,54,144,72,290,177,58.3%,24,1.17,0,17,25,25,21,1,0.32,0.93,0.32,0.93,0.46,6,2,0.10,12,0.29,0.31,48.1%,10.00,22,12,18,12,18,6925,,,EDM vs HFX,true,false,false,false,true,2020-08-27,7u1iuq4d7judbzn8c1gawxp90,5gmx3o5y2oc0i6rowjwtu7jvu,15376,15376,Edmonton,HFX Wanderers,HFX,1,3,Played,L 1-3,2126249,EDM vs HFX (2020-08-27)
1,73xrv2025rnj0t3y9ayp83bec,6925,Edmonton,Edmonton,EDM,6lkj3o21cr4g7bql6tb3fk222,Canadian Premier League (Canada),1,3,3,0,2,2,0,4,1,4,2,1,0,0,0,0,1,0,1,1,1,1,0,0,2,2,63,23,475,191,198,0.89,1,1,0.80,1,1,1,9,10,34,5,2,69,20,1,0,676,56,12,8,5,35,66.7%,9,7,67,4,1,8,1,8,7,1,0,0,0,0,0,0,2,2,0,0,2,0,0,1,2,0,0,2,2,0,1,0,0,0,0,0,0,3,3,6,12,162,200,314,24,37.9%,81.9%,208,67,114,82,248,145,52.0%,25,1.65,0,22,23,23,10,2,0.75,0.15,0.75,0.15,0.89,9,0,0.08,11,0.09,0.06,23.3%,12.00,28,19,19,19,19,6925,,,VAL vs EDM,false,true,false,false,true,2020-08-29,7u70ahhsjfxqkqyoibw4kuql0,dd2vf0yzjm7jm7cak9tf11sa2,15378,15378,Edmonton,Valour,VAL,1,2,Played,L 1-2,2126254,VAL vs EDM (2020-08-29)
1,73xrv2025rnj0t3y9ayp83bec,6925,Edmonton,Edmonton,EDM,6lkj3o21cr4g7bql6tb3fk222,Canadian Premier League (Canada),1,4,4,0,0,0,0,1,1,4,1,1,0,0,1,0,0,0,0,0,2,0,0,0,2,0,56,20,455,247,132,0.36,0,0,0.21,0,0,1,3,4,15,0,0,59,7,1,1,646,55,5,19,12,46,60.0%,10,4,53,1,3,6,2,6,8,2,0,0,0,0,0,0,1,0,1,0,3,0,0,1,3,0,0,3,1,2,0,2,0,0,0,0,0,1,1,0,13,109,242,295,12,36.5%,83.3%,202,36,141,51,232,172,57.1%,21,1.24,0,16,26,26,18,2,0.16,0.19,0.16,0.19,0.36,4,4,0.06,6,0.25,0.17,34.2%,9.00,20,12,11,12,11,6925,,,EDM vs YRK,true,false,false,false,true,2020-09-02,7ulatzc5xxyaiw5pmjxft1kb8,cqthcpums3aas2tdy0qhlkuwa,15382,15382,Edmonton,York United,YRK,0,1,Played,L 0-1,2126259,EDM vs YRK (2020-09-02)
1,73xrv2025rnj0t3y9ayp83bec,6925,Edmonton,Edmonton,EDM,6lkj3o21cr4g7bql6tb3fk222,Canadian Premier League (Canada),1,5,5,0,5,3,2,2,2,0,0,0,0,0,0,0,1,0,0,0,0,1,1,0,1,3,80,22,386,174,110,1.77,1,0,0.86,2,1,1,4,5,17,2,0,52,6,0,0,571,66,6,12,19,58,56.3%,19,11,63,2,5,11,1,5,4,5,0,0,0,0,0,0,2,2,0,0,1,0,0,0,1,0,0,1,1,0,0,1,0,0,0,0,0,2,2,4,11,90,233,248,14,41.5%,73.6%,140,32,112,44,184,158,56.3%,32,1.98,1,10,41,41,17,0,0.28,1.49,0.28,1.49,1.77,5,6,0.20,9,0.20,0.17,36.2%,12.00,25,13,16,13,16,6925,,,PAC vs EDM,false,true,false,false,true,2020-09-06,7v18c0lc1p8rx62p3chr1w07o,b3436h8h14zw7f1uv6w9vqf6y,15380,15380,Edmonton,Pacific,PAC,1,2,Played,L 1-2,2126273,PAC vs EDM (2020-09-06)
1,c2pdzdl3dgf5b0siidn2ay5ii,15377,Forge,Forge,FOR,6lkj3o21cr4g7bql6tb3fk222,Canadian Premier League (Canada),1,5,5,0,4,2,2,2,1,2,1,0,0,0,0,0,2,0,2,1,1,1,0,1,2,2,63,39,374,164,108,0.89,2,1,0.67,1,1,2,5,7,17,1,1,55,6,0,0,559,62,6,7,12,51,56.5%,26,15,44,5,4,8,3,5,11,3,0,0,0,0,0,1,2,2,0,0,4,0,0,2,2,0,0,4,3,1,0,2,0,0,2,0,0,4,3,12,5,104,261,194,13,43.0%,72.7%,116,39,117,51,145,178,37.8%,45,1.74,1,9,43,43,6,2,0.78,0.11,0.78,0.11,0.89,6,3,0.10,9,0.22,0.17,46.9%,7.00,28,11,19,11,19,15377,,,FOR vs CAV,true,false,false,true,false,2020-08-14,7st0tt53e4ksjueglfgouulg4,41ewt71n8fqwy6trsqta1bjvu,15381,15381,Forge,Cavalry,CAV,2,2,Played,T 2-2,2126218,FOR vs CAV (2020-08-14)
1,c2pdzdl3dgf5b0siidn2ay5ii,15377,Forge,Forge,FOR,6lkj3o21cr4g7bql6tb3fk222,Canadian Premier League (Canada),1,5,5,1,3,1,2,0,2,2,1,1,0,0,0,0,0,1,1,0,0,0,1,0,2,3,56,22,616,277,261,0.31,2,0,0.26,0,0,1,4,5,21,4,0,53,11,0,0,777,44,6,9,7,38,53.6%,15,6,35,3,3,3,5,2,6,0,1,0,0,0,0,1,0,0,0,0,2,0,0,1,0,0,0,2,2,0,0,1,0,0,1,0,0,1,1,4,4,217,214,346,24,32.0%,87.3%,280,114,144,150,306,160,58.3%,24,1.25,0,23,27,27,7,4,0.26,0.05,0.26,0.05,0.31,5,3,0.04,7,0.13,0.20,25.9%,9.00,10,17,4,17,4,15377,,,FOR vs EDM,true,false,true,false,false,2020-08-16,7t5b01x3jsqkkavibyn5aej2s,73xrv2025rnj0t3y9ayp83bec,6925,6925,Forge,Edmonton,EDM,2,0,Played,W 2-0,2126225,FOR vs EDM (2020-08-16)
1,c2pdzdl3dgf5b0siidn2ay5ii,15377,Forge,Forge,FOR,6lkj3o21cr4g7bql6tb3fk222,Canadian Premier League (Canada),1,5,5,0,5,5,0,0,1,4,2,1,1,1,1,0,1,0,0,0,1,0,0,1,2,6,59,22,512,232,199,1.59,1,0,0.31,2,0,1,3,4,22,2,1,44,13,0,0,706,65,8,3,19,42,50.0%,11,6,51,7,2,9,4,7,6,0,0,0,0,0,0,0,1,1,0,1,0,0,0,0,0,0,0,0,0,0,0,0,0,0,0,0,0,2,0,2,21,191,238,277,23,33.8%,84.2%,188,84,159,103,225,184,30.0%,10,0.35,1,14,29,29,9,4,0.61,0.98,0.61,0.98,0.80,4,2,0.16,10,0.07,0.00,48.8%,18.00,24,20,16,20,16,15377,,,HFX vs FOR,false,true,false,true,false,2020-08-20,7tg0hh0cm7hvex18ezv8bl4pg,5gmx3o5y2oc0i6rowjwtu7jvu,15376,15376,Forge,HFX Wanderers,HFX,1,1,Played,T 1-1,2126238,HFX vs FOR (2020-08-20)
1,c2pdzdl3dgf5b0siidn2ay5ii,15377,Forge,Forge,FOR,6lkj3o21cr4g7bql6tb3fk222,Canadian Premier League (Canada),1,5,5,1,6,5,1,0,2,6,3,3,0,0,1,0,2,0,2,0,1,2,0,2,2,7,61,26,358,166,105,1.13,2,1,0.94,1,1,2,7,9,23,5,2,61,10,0,0,566,50,4,16,9,47,62.5%,18,12,51,5,0,5,3,6,10,5,0,0,0,0,0,0,1,1,0,0,2,0,0,0,1,0,0,2,2,0,0,2,0,0,1,0,0,1,1,2,9,122,206,238,24,43.0%,75.7%,139,36,96,49,180,129,61.9%,21,1.89,1,18,33,33,14,0,0.92,0.21,0.92,0.21,1.13,8,6,0.08,14,0.17,0.17,40.4%,10.00,25,21,16,21,16,15377,,,FOR vs PAC,true,false,true,false,false,2020-08-22,7to1ns52wkgk9irtdbwzdn2ms,b3436h8h14zw7f1uv6w9vqf6y,15380,15380,Forge,Pacific,PAC,2,1,Played,W 2-1,2126242,FOR vs PAC (2020-08-22)
1,c2pdzdl3dgf5b0siidn2ay5ii,15377,Forge,Forge,FOR,6lkj3o21cr4g7bql6tb3fk222,Canadian Premier League (Canada),1,5,5,0,5,4,1,0,1,5,0,2,0,0,1,0,2,0,1,0,5,0,0,2,1,4,58,19,393,188,128,2.91,2,1,1.58,4,2,3,4,7,17,1,0,63,10,1,0,589,61,6,17,5,45,67.6%,14,6,44,5,9,5,6,8,5,1,0,0,0,0,0,1,3,3,0,0,2,0,0,0,1,0,0,2,1,1,0,2,0,1,0,0,0,3,2,2,18,151,205,233,22,36.9%,80.4%,147,48,121,66,184,143,57.9%,19,1.76,1,22,28,28,9,8,0.63,2.28,0.63,2.28,2.91,6,1,0.26,11,0.32,0.23,42.5%,13.00,12,21,13,21,13,15377,,,YRK vs FOR,false,true,false,false,true,2020-08-26,7tyu476shfl4lg1dm54shvt3o,cqthcpums3aas2tdy0qhlkuwa,15382,15382,Forge,York United,YRK,2,3,Played,L 2-3,2126246,YRK vs FOR (2020-08-26)
1,c2pdzdl3dgf5b0siidn2ay5ii,15377,Forge,Forge,FOR,6lkj3o21cr4g7bql6tb3fk222,Canadian Premier League (Canada),1,5,5,1,4,4,0,0,3,6,3,3,0,0,2,0,2,0,1,1,0,1,1,0,5,4,60,20,381,157,144,3.89,2,2,3.66,6,6,3,7,10,30,2,2,63,18,0,0,586,47,3,13,12,52,66.7%,21,14,60,5,3,6,8,3,7,3,1,0,0,1,0,0,0,0,0,0,3,0,0,2,2,0,0,3,1,2,0,1,0,0,1,0,0,1,0,4,10,147,184,255,19,40.9%,79.0%,155,59,87,74,191,116,64.7%,17,0.19,2,15,37,37,14,1,2.82,1.07,2.82,1.07,3.89,8,1,0.30,13,0.27,0.11,48.6%,16.00,17,11,7,11,7,15377,,,ATO vs FOR,false,true,true,false,false,2020-08-30,7ufagyfpmg0q5miihyn7181ec,dn8tjhuq0bax4dgixqvluhzze,16614,16614,Forge,Atlético Ottawa,ATO,2,0,Played,W 2-0,2126257,ATO vs FOR (2020-08-30)
1,c2pdzdl3dgf5b0siidn2ay5ii,15377,Forge,Forge,FOR,6lkj3o21cr4g7bql6tb3fk222,Canadian Premier League (Canada),1,5,5,0,4,4,0,1,1,4,2,2,0,0,1,0,2,0,1,1,1,2,1,0,2,3,47,33,336,174,82,2.24,2,1,2.09,5,5,2,5,7,23,2,0,60,12,0,0,547,60,4,14,13,51,64.3%,19,7,42,4,6,8,7,6,3,6,0,2,0,0,0,1,2,2,0,0,6,1,0,3,3,0,0,5,3,3,0,3,0,2,0,0,0,1,4,0,13,141,237,169,15,37.5%,76.2%,97,39,120,51,124,161,66.7%,27,1.65,1,13,31,31,13,7,1.33,0.90,1.33,0.90,2.24,6,2,0.22,10,0.31,0.17,37.8%,16.00,21,13,15,13,15,15377,,,FOR vs VAL,true,false,false,true,false,2020-09-05,7utday42etwsaaqej3w9gmqz8,dd2vf0yzjm7jm7cak9tf11sa2,15378,15378,Forge,Valour,VAL,2,2,Played,T 2-2,2126266,FOR vs VAL (2020-09-05)
1,c2pdzdl3dgf5b0siidn2ay5ii,15377,Forge,Forge,FOR,6lkj3o21cr4g7bql6tb3fk222,Canadian Premier League (Canada),1,5,5,0,4,3,1,2,5,1,0,1,1,1,1,0,1,0,0,0,0,0,0,1,1,4,60,23,503,215,205,1.38,1,0,0.34,2,1,0,5,5,17,1,0,41,9,0,0,684,50,5,3,14,33,57.1%,11,7,47,7,3,7,5,4,3,1,0,0,1,1,0,1,1,0,1,1,2,1,0,0,1,0,0,1,2,0,0,2,0,1,0,0,0,2,0,4,9,177,229,278,15,37.0%,83.5%,199,75,146,95,232,176,51.9%,27,0.54,1,28,21,21,10,2,0.37,1.01,0.37,1.01,0.59,5,1,0.12,12,0.14,0.19,36.6%,22.00,15,13,15,13,15,15377,,,HFX vs FOR,false,true,false,true,false,2020-09-09,8plkm1srpcwr60o1i31ksltsk,5gmx3o5y2oc0i6rowjwtu7jvu,15376,15376,Forge,HFX Wanderers,HFX,1,1,Played,T 1-1,2137183,HFX vs FOR (2020-09-09)
1,c2pdzdl3dgf5b0siidn2ay5ii,15377,Forge,Forge,FOR,6lkj3o21cr4g7bql6tb3fk222,Canadian Premier League (Canada),1,5,5,1,3,3,0,2,1,3,0,2,1,1,0,0,2,0,1,0,1,0,2,0,3,2,76,25,251,63,87,1.33,2,1,0.54,1,0,1,7,8,17,1,0,53,5,0,0,476,50,4,15,20,66,73.1%,25,12,61,6,5,7,5,6,7,2,1,2,0,0,1,1,0,0,0,1,3,0,0,1,3,0,0,3,3,0,1,1,0,0,0,0,0,2,1,6,9,159,197,120,25,51.4%,59.8%,41,50,59,72,78,101,57.9%,19,0.80,1,20,54,54,7,5,0.51,0.82,0.51,0.82,0.54,7,5,0.15,9,0.20,0.29,19.6%,12.00,22,23,16,23,16,15377,,,FOR vs PAC,true,false,true,false,false,2020-09-12,al6itp61bch64gv1bhhncxyqc,b3436h8h14zw7f1uv6w9vqf6y,15380,15380,Forge,Pacific,PAC,2,0,Played,W 2-0,2137184,FOR vs PAC (2020-09-12)
1,c2pdzdl3dgf5b0siidn2ay5ii,15377,Forge,Forge,FOR,6lkj3o21cr4g7bql6tb3fk222,Canadian Premier League (Canada),1,4,4,1,1,1,0,2,0,6,1,5,0,0,0,0,1,0,1,0,0,0,0,1,4,3,82,44,346,98,122,1.41,1,1,1.27,3,3,2,5,7,16,2,1,69,11,0,0,549,75,11,4,19,57,75.0%,21,4,49,6,5,8,3,9,7,2,1,0,0,0,0,3,0,0,0,0,3,0,0,3,2,0,0,3,1,2,0,0,0,0,1,0,0,2,1,6,16,113,222,214,20,54.3%,63.6%,100,43,77,60,150,136,42.6%,61,1.07,1,9,45,45,10,2,1.30,0.11,1.30,0.11,1.41,6,2,0.16,9,0.22,0.00,17.9%,16.00,30,15,23,15,23,15377,,,CAV vs FOR,false,true,true,false,false,2020-09-15,dykc0lh8alwaa1f7yjoh09bf8,41ewt71n8fqwy6trsqta1bjvu,15381,15381,Forge,Cavalry,CAV,1,0,Played,W 1-0,2137186,CAV vs FOR (2020-09-15)
1,c2pdzdl3dgf5b0siidn2ay5ii,15377,Forge,Forge,FOR,6lkj3o21cr4g7bql6tb3fk222,Canadian Premier League (Canada),1,4,4,1,5,4,1,2,1,3,1,1,0,0,2,1,1,1,0,1,0,1,1,0,3,3,76,20,293,78,119,1.50,2,1,1.28,1,1,2,5,7,19,2,2,54,10,0,0,511,51,6,13,18,58,63.3%,21,10,51,7,6,5,3,6,6,1,1,2,0,0,0,0,0,0,0,0,2,0,0,2,0,0,0,2,1,1,0,0,0,2,0,0,0,2,1,6,10,190,182,139,24,49.8%,67.2%,61,56,80,83,94,116,66.7%,21,0.66,1,25,33,33,17,8,0.50,1.00,0.50,1.00,1.50,6,3,0.14,11,0.08,0.08,40.4%,21.00,7,13,10,13,10,15377,,,FOR vs HFX,true,false,true,false,false,2020-09-19,5mrmbr6tngz69e9qmsn1b845w,5gmx3o5y2oc0i6rowjwtu7jvu,15376,15376,Forge,HFX Wanderers,HFX,2,0,Played,W 2-0,2137188,FOR vs HFX (2020-09-19)
1,cqthcpums3aas2tdy0qhlkuwa,15382,York United,York United,YRK,6lkj3o21cr4g7bql6tb3fk222,Canadian Premier League (Canada),1,4,4,0,6,4,2,1,2,7,2,3,1,1,2,0,2,0,1,0,2,0,0,2,6,5,46,23,391,145,177,1.98,2,0,0.67,2,0,2,10,12,17,1,1,58,9,0,0,595,36,4,11,17,44,75.0%,10,4,60,5,1,5,4,3,12,0,0,0,0,0,0,0,2,2,0,1,0,0,0,0,0,0,0,0,0,0,0,0,0,0,0,0,0,1,2,2,7,177,158,260,34,40.4%,82.4%,183,55,84,76,206,109,69.6%,23,1.35,2,36,31,31,11,2,1.01,0.96,1.01,0.96,1.19,12,1,0.12,16,0.31,0.26,40.9%,16.00,15,22,17,22,17,15382,,,YRK vs ATO,true,false,false,true,false,2020-08-15,7sxxjco5mob1kgt5i4e2mw00k,dn8tjhuq0bax4dgixqvluhzze,16614,16614,York United,Atlético Ottawa,ATO,2,2,Played,T 2-2,2126220,YRK vs ATO (2020-08-15)
1,cqthcpums3aas2tdy0qhlkuwa,15382,York United,York United,YRK,6lkj3o21cr4g7bql6tb3fk222,Canadian Premier League (Canada),1,5,5,0,2,1,1,1,1,5,1,1,0,0,1,0,1,0,1,0,2,0,1,0,3,2,49,21,338,162,106,0.72,1,0,0.51,1,1,3,2,5,13,1,0,37,3,0,0,530,44,4,5,19,62,64.3%,32,17,42,1,3,6,6,3,7,2,0,1,0,0,0,0,1,1,0,0,4,0,0,1,3,1,0,3,4,0,1,2,0,1,0,0,0,1,1,0,9,105,232,193,11,39.6%,79.3%,119,37,112,48,146,144,45.0%,20,1.56,0,10,53,53,6,3,0.16,0.56,0.16,0.56,0.72,5,2,0.08,9,0.10,0.00,35.5%,8.00,17,7,14,7,14,15382,,,PAC vs YRK,false,true,false,true,false,2020-08-19,7tas4i6lxq9imfed8t0627m6s,b3436h8h14zw7f1uv6w9vqf6y,15380,15380,York United,Pacific,PAC,1,1,Played,T 1-1,2126232,PAC vs YRK (2020-08-19)
1,cqthcpums3aas2tdy0qhlkuwa,15382,York United,York United,YRK,6lkj3o21cr4g7bql6tb3fk222,Canadian Premier League (Canada),1,5,5,0,3,1,2,3,2,4,1,2,0,0,0,0,0,0,0,0,1,0,0,0,2,4,59,26,371,136,150,0.67,0,0,0.52,0,0,2,7,9,15,3,0,46,5,0,0,549,41,2,9,8,32,100.0%,13,7,39,9,5,4,6,4,8,0,1,0,0,0,0,0,0,0,0,0,3,0,1,1,2,0,0,3,1,2,0,1,0,1,0,0,0,3,0,6,10,178,163,208,22,36.9%,77.1%,136,70,80,90,173,108,63.2%,19,0.60,0,28,24,24,2,6,0.51,0.16,0.51,0.16,0.67,9,3,0.06,12,0.25,0.20,34.1%,9.00,18,21,15,21,15,15382,,,YRK vs VAL,true,false,false,true,false,2020-08-22,7tlbzq6emywjn0z9q1pwzwxsk,dd2vf0yzjm7jm7cak9tf11sa2,15378,15378,York United,Valour,VAL,0,0,Played,T 0-0,2126241,YRK vs VAL (2020-08-22)
1,cqthcpums3aas2tdy0qhlkuwa,15382,York United,York United,YRK,6lkj3o21cr4g7bql6tb3fk222,Canadian Premier League (Canada),1,4,4,1,5,4,1,1,0,7,5,1,1,1,2,0,3,0,0,1,1,1,0,2,4,6,45,17,305,109,134,1.76,3,1,0.35,2,0,2,5,7,18,0,0,61,11,0,0,512,63,11,13,12,52,70.6%,16,7,37,8,6,5,8,5,5,0,0,0,0,0,0,0,2,2,0,1,3,0,0,0,3,0,0,3,2,1,2,1,0,0,0,0,0,2,4,2,17,137,187,188,17,43.6%,79.7%,113,55,75,66,130,109,42.1%,19,2.91,2,22,32,32,19,1,0.27,1.49,0.27,1.49,0.97,6,1,0.14,13,0.23,0.08,21.9%,10.00,22,13,21,13,21,15382,,,YRK vs FOR,true,false,true,false,false,2020-08-26,7tyu476shfl4lg1dm54shvt3o,c2pdzdl3dgf5b0siidn2ay5ii,15377,15377,York United,Forge,FOR,3,2,Played,W 3-2,2126246,YRK vs FOR (2020-08-26)
1,cqthcpums3aas2tdy0qhlkuwa,15382,York United,York United,YRK,6lkj3o21cr4g7bql6tb3fk222,Canadian Premier League (Canada),1,3,3,0,5,4,1,3,0,3,2,1,0,0,1,1,0,1,0,0,0,2,0,1,1,5,54,18,601,284,245,0.57,1,0,0.46,0,0,2,7,9,18,1,0,34,3,0,0,754,54,3,6,7,37,47.4%,19,13,43,5,5,9,3,6,5,3,0,0,0,0,0,0,1,0,1,0,1,0,0,1,0,0,0,1,1,0,0,0,0,0,1,0,0,4,2,4,3,145,220,389,15,25.8%,88.0%,326,64,139,87,352,162,47.1%,17,1.16,0,14,29,29,7,1,0.31,0.26,0.31,0.26,0.58,9,1,0.05,11,0.43,0.43,30.6%,8.00,18,11,15,11,15,15382,,,HFX vs YRK,false,true,false,true,false,2020-08-29,7ubxnr535nkdppzi934wdbdhw,5gmx3o5y2oc0i6rowjwtu7jvu,15376,15376,York United,HFX Wanderers,HFX,1,1,Played,T 1-1,2126256,HFX vs YRK (2020-08-29)
1,cqthcpums3aas2tdy0qhlkuwa,15382,York United,York United,YRK,6lkj3o21cr4g7bql6tb3fk222,Canadian Premier League (Canada),1,4,4,1,4,1,3,1,3,8,3,2,0,0,2,1,0,1,0,0,3,0,0,1,5,4,59,14,433,160,200,1.24,1,0,1.13,1,1,3,11,14,27,2,1,55,16,1,1,619,59,4,17,9,47,75.0%,16,8,64,6,3,8,3,1,6,3,1,0,0,0,0,0,0,0,0,0,0,0,0,0,0,0,0,0,0,0,0,0,0,0,0,0,0,1,0,6,16,171,177,271,13,36.5%,83.1%,181,77,102,93,214,126,42.9%,21,0.36,0,14,31,31,12,4,0.86,0.39,0.86,0.39,1.24,14,2,0.08,16,0.36,0.11,38.6%,20.00,15,11,12,11,12,15382,,,EDM vs YRK,false,true,true,false,false,2020-09-02,7ulatzc5xxyaiw5pmjxft1kb8,73xrv2025rnj0t3y9ayp83bec,6925,6925,York United,Edmonton,EDM,1,0,Played,W 1-0,2126259,EDM vs YRK (2020-09-02)
1,cqthcpums3aas2tdy0qhlkuwa,15382,York United,York United,YRK,6lkj3o21cr4g7bql6tb3fk222,Canadian Premier League (Canada),1,3,3,0,4,4,0,1,0,7,1,3,0,0,0,0,0,0,0,0,2,1,0,0,3,5,81,38,398,168,111,1.12,0,0,0.73,2,1,1,8,9,16,3,3,58,11,0,0,599,52,6,10,9,44,72.7%,17,8,47,1,4,4,3,5,8,2,0,1,1,0,0,2,1,1,0,0,3,0,0,0,3,0,0,3,1,2,1,2,0,0,0,0,0,3,1,2,13,106,231,262,22,46.7%,70.1%,144,31,104,44,207,147,42.9%,35,1.01,0,20,31,31,12,1,0.73,0.38,0.73,0.38,1.12,9,2,0.09,12,0.20,0.21,41.7%,11.00,28,11,15,11,15,15382,,,CAV vs YRK,false,true,false,false,true,2020-09-05,7uw4ffr6e4epa23s5veyr3cpg,41ewt71n8fqwy6trsqta1bjvu,15381,15381,York United,Cavalry,CAV,0,1,Played,L 0-1,2126268,CAV vs YRK (2020-09-05)
1,5gmx3o5y2oc0i6rowjwtu7jvu,15376,HFX Wanderers,HFX Wanderers,HFX,6lkj3o21cr4g7bql6tb3fk222,Canadian Premier League (Canada),1,4,4,0,5,5,0,0,1,3,0,1,2,2,0,0,2,0,0,0,2,1,0,2,0,5,59,26,325,121,119,2.22,2,0,0.61,3,1,3,3,6,23,0,0,59,16,2,0,525,65,6,13,11,44,51.4%,13,9,56,6,2,7,3,5,6,3,0,1,1,0,0,0,2,2,0,2,2,0,0,1,1,0,0,2,0,2,0,1,0,1,0,0,0,1,2,2,13,138,191,196,21,44.9%,73.8%,113,42,85,60,144,121,40.0%,25,1.15,2,23,27,27,12,5,0.47,1.75,0.47,1.75,0.64,6,3,0.25,9,0.26,0.29,34.1%,16.00,19,20,16,20,16,15376,,,HFX vs PAC,true,false,false,true,false,2020-08-15,7t269w4kohpnnx91dmg5bwis4,b3436h8h14zw7f1uv6w9vqf6y,15380,15380,HFX Wanderers,Pacific,PAC,2,2,Played,T 2-2,2126221,HFX vs PAC (2020-08-15)
1,5gmx3o5y2oc0i6rowjwtu7jvu,15376,HFX Wanderers,HFX Wanderers,HFX,6lkj3o21cr4g7bql6tb3fk222,Canadian Premier League (Canada),1,5,5,0,1,1,0,1,1,4,4,0,0,0,0,0,1,0,1,0,0,0,0,1,0,5,76,21,377,153,127,0.35,1,1,0.30,0,0,0,6,6,17,0,0,64,11,1,1,556,44,6,23,15,66,69.0%,19,8,58,7,4,6,2,6,9,3,0,0,0,0,0,0,1,1,0,0,4,0,0,1,2,1,0,3,4,0,1,2,0,0,1,0,0,3,2,6,8,118,197,241,5,40.6%,74.3%,146,50,84,75,184,118,70.0%,10,1.59,0,5,47,47,17,2,0.30,0.05,0.30,0.05,0.35,5,1,0.05,7,0.00,0.00,34.0%,17.00,25,16,20,16,20,15376,,,HFX vs FOR,true,false,false,true,false,2020-08-20,7tg0hh0cm7hvex18ezv8bl4pg,c2pdzdl3dgf5b0siidn2ay5ii,15377,15377,HFX Wanderers,Forge,FOR,1,1,Played,T 1-1,2126238,HFX vs FOR (2020-08-20)
1,5gmx3o5y2oc0i6rowjwtu7jvu,15376,HFX Wanderers,HFX Wanderers,HFX,6lkj3o21cr4g7bql6tb3fk222,Canadian Premier League (Canada),1,4,4,0,3,3,0,1,2,2,1,0,1,1,0,0,1,0,0,0,0,1,0,1,1,3,74,18,432,202,138,1.37,1,0,0.55,2,1,1,5,6,15,0,0,55,9,0,0,626,62,6,6,6,45,57.1%,21,6,52,7,2,9,0,10,8,3,0,0,0,0,1,0,2,1,1,1,2,0,0,0,1,1,0,1,1,1,0,2,0,0,1,0,0,2,2,0,14,121,207,298,16,36.1%,78.7%,187,40,113,54,237,141,54.5%,33,0.55,1,14,35,35,9,1,0.44,0.93,0.44,0.93,0.58,6,2,0.17,8,0.29,0.33,37.5%,15.00,16,15,16,15,16,15376,,,CAV vs HFX,false,true,false,false,true,2020-08-24,7ttg3e5vjj75ni6bxtqwrww7o,41ewt71n8fqwy6trsqta1bjvu,15381,15381,HFX Wanderers,Cavalry,CAV,1,2,Played,L 1-2,2126244,CAV vs HFX (2020-08-24)
1,5gmx3o5y2oc0i6rowjwtu7jvu,15376,HFX Wanderers,HFX Wanderers,HFX,6lkj3o21cr4g7bql6tb3fk222,Canadian Premier League (Canada),1,5,5,1,4,3,1,2,0,3,2,0,0,0,0,0,3,0,3,0,1,0,1,2,3,3,69,19,344,119,137,1.17,3,3,1.17,3,3,1,8,10,19,0,0,58,10,1,1,532,69,9,19,15,59,68.3%,16,7,49,4,4,11,1,3,6,1,0,1,0,0,0,0,1,0,1,0,2,0,0,1,1,0,0,2,1,1,0,1,0,1,0,0,0,1,1,0,14,115,157,260,18,45.9%,74.4%,147,47,62,67,182,95,41.7%,24,1.25,2,12,32,32,20,7,0.77,0.40,0.77,0.40,1.17,7,5,0.13,9,0.08,0.00,20.5%,13.00,18,18,12,18,12,15376,,,EDM vs HFX,false,true,true,false,false,2020-08-27,7u1iuq4d7judbzn8c1gawxp90,73xrv2025rnj0t3y9ayp83bec,6925,6925,HFX Wanderers,Edmonton,EDM,3,1,Played,W 3-1,2126249,EDM vs HFX (2020-08-27)
1,5gmx3o5y2oc0i6rowjwtu7jvu,15376,HFX Wanderers,HFX Wanderers,HFX,6lkj3o21cr4g7bql6tb3fk222,Canadian Premier League (Canada),1,3,3,0,2,1,1,1,0,2,0,1,0,0,1,1,0,1,0,0,1,1,1,0,1,1,54,7,315,145,109,1.16,1,0,1.11,2,2,1,3,4,10,0,0,54,10,0,0,497,34,5,11,15,52,84.2%,20,9,41,6,3,6,5,5,9,4,0,0,0,0,0,0,1,0,1,0,3,0,1,0,0,0,0,3,3,0,0,2,2,1,0,0,1,3,0,0,9,97,169,231,10,40.0%,80.6%,143,31,80,41,181,93,52.9%,17,0.57,0,13,42,42,7,3,0.89,0.26,0.89,0.26,1.16,4,4,0.23,5,0.15,0.20,30.3%,8.00,10,15,11,15,11,15376,,,HFX vs YRK,true,false,false,true,false,2020-08-29,7ubxnr535nkdppzi934wdbdhw,cqthcpums3aas2tdy0qhlkuwa,15382,15382,HFX Wanderers,York United,YRK,1,1,Played,T 1-1,2126256,HFX vs YRK (2020-08-29)
1,5gmx3o5y2oc0i6rowjwtu7jvu,15376,HFX Wanderers,HFX Wanderers,HFX,6lkj3o21cr4g7bql6tb3fk222,Canadian Premier League (Canada),1,3,3,1,5,3,2,1,2,2,1,0,0,0,1,1,1,1,1,0,0,0,1,1,3,4,55,21,295,114,105,0.73,2,0,0.34,1,0,2,5,7,14,1,0,52,6,2,0,473,52,6,8,14,47,56.0%,18,9,42,3,3,9,6,10,6,3,1,0,0,0,2,1,0,0,0,0,4,0,1,1,2,0,0,3,2,2,0,2,0,1,0,0,0,2,0,6,7,120,191,162,19,43.7%,74.2%,98,46,75,64,122,109,42.3%,26,0.72,1,7,34,34,7,6,0.49,0.25,0.49,0.25,0.73,7,4,0.07,10,0.14,0.25,24.4%,8.00,21,17,22,17,22,15376,,,VAL vs HFX,false,true,true,false,false,2020-09-02,7uo653c2y32d06v6dq2as5t04,dd2vf0yzjm7jm7cak9tf11sa2,15378,15378,HFX Wanderers,Valour,VAL,2,0,Played,W 2-0,2126261,VAL vs HFX (2020-09-02)
1,5gmx3o5y2oc0i6rowjwtu7jvu,15376,HFX Wanderers,HFX Wanderers,HFX,6lkj3o21cr4g7bql6tb3fk222,Canadian Premier League (Canada),1,4,4,1,3,1,2,1,0,6,3,3,0,0,1,0,1,1,2,0,1,0,0,2,2,6,63,29,413,145,176,0.91,2,1,0.63,2,1,1,7,8,20,0,0,64,14,3,1,617,49,9,12,10,57,75.0%,24,12,47,2,4,7,2,4,9,2,1,4,0,0,0,0,0,0,0,0,5,0,0,1,4,0,1,5,3,2,0,3,0,1,0,0,0,1,1,2,10,132,208,277,10,40.0%,77.7%,167,64,90,79,203,131,50.0%,28,0.90,2,10,37,37,19,1,0.86,0.05,0.86,0.05,0.91,7,4,0.09,10,0.20,0.25,29.4%,14.00,20,14,15,14,15,15376,,,HFX vs ATO,true,false,true,false,false,2020-09-06,7uyp0xq7ry9gphpbd0m2m60ic,dn8tjhuq0bax4dgixqvluhzze,16614,16614,HFX Wanderers,Atlético Ottawa,ATO,2,0,Played,W 2-0,2126270,HFX vs ATO (2020-09-06)
1,5gmx3o5y2oc0i6rowjwtu7jvu,15376,HFX Wanderers,HFX Wanderers,HFX,6lkj3o21cr4g7bql6tb3fk222,Canadian Premier League (Canada),1,5,5,0,3,2,1,1,0,5,4,1,0,0,1,0,0,1,1,0,0,1,0,1,2,5,66,29,316,123,98,0.54,1,1,0.31,0,0,1,4,5,10,3,1,50,6,0,0,477,41,9,6,10,48,62.5%,19,15,51,4,7,3,3,6,7,2,0,2,0,0,0,0,1,1,0,0,3,0,0,2,0,0,0,3,2,1,0,1,0,1,2,0,0,1,2,2,5,109,201,167,17,46.8%,69.9%,99,41,81,63,126,127,48.1%,27,1.38,0,8,34,34,12,2,0.40,0.14,0.40,0.14,0.54,4,6,0.06,9,0.13,0.00,35.3%,13.00,24,15,13,15,13,15376,,,HFX vs FOR,true,false,false,true,false,2020-09-09,8plkm1srpcwr60o1i31ksltsk,c2pdzdl3dgf5b0siidn2ay5ii,15377,15377,HFX Wanderers,Forge,FOR,1,1,Played,T 1-1,2137183,HFX vs FOR (2020-09-09)
1,5gmx3o5y2oc0i6rowjwtu7jvu,15376,HFX Wanderers,HFX Wanderers,HFX,6lkj3o21cr4g7bql6tb3fk222,Canadian Premier League (Canada),1,5,5,1,4,3,1,1,2,4,1,2,2,2,0,0,2,0,0,0,2,0,0,2,2,4,77,24,352,133,118,2.62,2,0,0.91,4,1,1,7,8,14,1,0,67,9,3,1,552,42,11,12,15,59,82.1%,19,4,56,7,0,7,3,4,8,4,0,2,1,0,0,0,1,1,0,2,2,0,0,2,0,0,0,2,2,0,0,0,0,1,1,0,0,1,1,2,4,133,211,208,21,48.6%,71.3%,105,55,91,66,150,136,56.8%,37,1.11,2,18,42,42,16,1,0.61,2.01,0.61,2.01,1.04,8,1,0.24,11,0.17,0.15,31.0%,15.00,22,13,8,13,8,15376,,,CAV vs HFX,false,true,true,false,false,2020-09-12,cap8cqg4fk34voy1o310hy39w,41ewt71n8fqwy6trsqta1bjvu,15381,15381,HFX Wanderers,Cavalry,CAV,2,1,Played,W 2-1,2137185,CAV vs HFX (2020-09-12)
1,5gmx3o5y2oc0i6rowjwtu7jvu,15376,HFX Wanderers,HFX Wanderers,HFX,6lkj3o21cr4g7bql6tb3fk222,Canadian Premier League (Canada),1,5,5,0,2,0,2,2,3,4,3,1,0,0,1,0,0,0,0,0,0,0,0,0,4,2,84,37,452,190,141,0.85,0,0,0.71,1,1,1,7,8,21,0,0,54,12,0,0,688,57,9,8,17,46,50.0%,10,1,66,0,2,4,1,6,8,3,0,2,0,1,0,0,5,5,0,0,2,0,0,1,1,0,0,2,1,1,0,1,0,1,0,0,0,0,5,4,19,145,249,294,14,40.3%,73.2%,160,55,116,82,205,165,52.6%,19,1.99,0,5,31,31,12,3,0.73,0.12,0.73,0.12,0.85,8,1,0.08,11,0.40,0.33,43.6%,15.00,32,17,12,17,12,15376,,,HFX vs PAC,true,false,false,false,true,2020-09-16,1m8l5iaa0hhjfd9pq3ftmklxw,b3436h8h14zw7f1uv6w9vqf6y,15380,15380,HFX Wanderers,Pacific,PAC,0,5,Played,L 0-5,2137187,HFX vs PAC (2020-09-16)
1,5gmx3o5y2oc0i6rowjwtu7jvu,15376,HFX Wanderers,HFX Wanderers,HFX,6lkj3o21cr4g7bql6tb3fk222,Canadian Premier League (Canada),1,2,2,0,2,1,1,0,3,2,2,0,0,0,1,0,0,0,0,0,0,0,0,0,1,3,77,32,385,148,128,0.66,0,0,0.14,1,0,0,4,4,14,2,1,51,11,0,0,582,54,7,9,8,53,61.5%,27,14,45,7,4,7,6,7,5,0,0,1,1,0,0,0,2,1,1,0,3,0,0,1,0,0,0,3,3,0,2,0,0,0,1,0,0,0,1,0,16,105,234,243,7,42.1%,71.7%,150,34,92,52,194,139,33.3%,21,1.50,0,11,46,46,7,0,0.59,0.07,0.59,0.07,0.66,4,2,0.09,7,0.09,0.20,45.9%,8.00,30,10,13,10,13,15376,,,FOR vs HFX,false,true,false,false,true,2020-09-19,5mrmbr6tngz69e9qmsn1b845w,c2pdzdl3dgf5b0siidn2ay5ii,15377,15377,HFX Wanderers,Forge,FOR,0,2,Played,L 0-2,2137188,FOR vs HFX (2020-09-19)
1,b3436h8h14zw7f1uv6w9vqf6y,15380,Pacific,Pacific,PAC,6lkj3o21cr4g7bql6tb3fk222,Canadian Premier League (Canada),1,5,5,0,4,2,2,3,0,6,3,3,0,0,1,0,2,0,2,0,0,0,1,1,6,4,66,32,504,232,174,1.15,2,2,1.07,2,2,2,9,11,26,1,0,65,18,0,0,707,59,7,12,8,42,54.3%,15,5,49,5,3,6,1,6,6,1,0,0,0,0,0,0,2,2,0,0,2,0,0,2,0,0,0,2,2,0,0,0,1,0,1,0,0,3,3,6,14,166,267,274,21,32.9%,80.6%,174,73,159,87,220,197,60.0%,25,2.22,1,16,30,30,9,3,1.01,0.13,1.01,0.13,1.15,9,2,0.09,13,0.19,0.15,36.4%,12.00,20,16,20,16,20,15380,,,HFX vs PAC,false,true,false,true,false,2020-08-15,7t269w4kohpnnx91dmg5bwis4,5gmx3o5y2oc0i6rowjwtu7jvu,15376,15376,Pacific,HFX Wanderers,HFX,2,2,Played,T 2-2,2126221,HFX vs PAC (2020-08-15)
1,b3436h8h14zw7f1uv6w9vqf6y,15380,Pacific,Pacific,PAC,6lkj3o21cr4g7bql6tb3fk222,Canadian Premier League (Canada),1,4,4,0,4,4,0,1,1,7,1,3,0,0,0,0,1,0,0,1,6,2,0,0,1,2,48,13,355,142,152,1.56,1,1,1.39,1,1,5,4,9,12,0,0,44,5,1,0,545,37,8,11,8,39,86.4%,11,6,37,3,6,7,3,1,5,2,0,1,0,0,0,0,1,1,0,0,1,0,0,1,0,0,0,1,0,1,0,0,0,1,0,0,0,2,1,4,4,177,172,196,20,39.4%,82.8%,133,61,100,78,155,122,55.0%,20,0.72,0,35,26,26,10,3,0.55,1.01,0.55,1.01,1.56,8,2,0.12,13,0.23,0.15,38.2%,12.00,12,14,7,14,7,15380,,,PAC vs YRK,true,false,false,true,false,2020-08-19,7tas4i6lxq9imfed8t0627m6s,cqthcpums3aas2tdy0qhlkuwa,15382,15382,Pacific,York United,YRK,1,1,Played,T 1-1,2126232,PAC vs YRK (2020-08-19)
1,b3436h8h14zw7f1uv6w9vqf6y,15380,Pacific,Pacific,PAC,6lkj3o21cr4g7bql6tb3fk222,Canadian Premier League (Canada),1,4,4,0,4,4,0,3,3,11,3,5,0,0,0,0,1,0,0,0,4,0,0,1,3,8,67,23,405,126,189,1.89,1,0,1.11,1,0,4,14,18,21,1,0,50,12,0,0,612,61,5,16,12,56,67.7%,22,14,56,6,3,11,0,5,5,2,0,1,1,0,0,0,2,2,0,0,4,0,0,3,0,0,0,4,3,1,0,1,0,3,1,0,0,3,1,6,14,181,196,235,23,42.2%,77.8%,150,81,84,96,184,125,38.1%,21,1.13,1,21,43,43,9,4,0.73,1.16,0.73,1.16,1.89,18,2,0.09,21,0.38,0.35,47.2%,20.00,21,16,21,16,21,15380,,,FOR vs PAC,false,true,false,false,true,2020-08-22,7to1ns52wkgk9irtdbwzdn2ms,c2pdzdl3dgf5b0siidn2ay5ii,15377,15377,Pacific,Forge,FOR,1,2,Played,L 1-2,2126242,FOR vs PAC (2020-08-22)
1,b3436h8h14zw7f1uv6w9vqf6y,15380,Pacific,Pacific,PAC,6lkj3o21cr4g7bql6tb3fk222,Canadian Premier League (Canada),1,4,4,1,8,7,1,1,1,5,2,3,0,0,0,0,2,0,2,0,0,2,0,2,5,6,74,17,413,180,142,1.62,2,1,0.96,2,1,0,10,10,16,1,1,43,9,1,1,613,43,4,8,18,49,54.5%,19,11,53,1,3,9,1,5,4,3,1,1,0,0,0,2,0,0,0,0,6,0,0,5,1,0,0,6,4,2,1,0,0,0,5,0,0,2,2,6,10,141,252,220,24,40.4%,78.0%,134,58,130,74,169,170,66.7%,18,1.88,2,15,33,33,13,3,1.59,0.04,1.59,0.04,1.62,9,3,0.11,15,0.27,0.25,34.2%,20.00,18,15,14,15,14,15380,,,PAC vs VAL,true,false,true,false,false,2020-08-26,7tw47791fe2i850ddmt0nthqs,dd2vf0yzjm7jm7cak9tf11sa2,15378,15378,Pacific,Valour,VAL,2,0,Played,W 2-0,2126245,PAC vs VAL (2020-08-26)
1,b3436h8h14zw7f1uv6w9vqf6y,15380,Pacific,Pacific,PAC,6lkj3o21cr4g7bql6tb3fk222,Canadian Premier League (Canada),1,5,5,1,3,2,1,2,1,4,0,4,0,0,0,0,2,0,2,0,0,0,1,1,2,5,83,32,440,194,131,2.26,2,2,2.14,3,3,0,8,8,27,5,3,55,16,0,0,606,42,7,7,9,41,77.8%,16,3,48,3,7,7,1,7,3,2,0,0,0,0,0,1,1,1,0,0,2,0,0,2,2,0,0,2,1,1,0,0,0,0,0,0,0,1,1,4,3,109,242,255,20,38.9%,73.9%,168,46,111,61,212,167,63.0%,27,1.44,2,7,32,32,8,1,2.26,0.00,2.26,0.00,2.26,6,2,0.23,10,0.14,0.20,40.5%,10.00,22,16,14,16,14,15380,,,CAV vs PAC,false,true,true,false,false,2020-08-30,7uiktgg1hzmxb1oky4wpsigwk,41ewt71n8fqwy6trsqta1bjvu,15381,15381,Pacific,Cavalry,CAV,2,1,Played,W 2-1,2126258,CAV vs PAC (2020-08-30)
1,b3436h8h14zw7f1uv6w9vqf6y,15380,Pacific,Pacific,PAC,6lkj3o21cr4g7bql6tb3fk222,Canadian Premier League (Canada),1,4,4,0,4,3,1,2,2,10,4,4,0,0,1,0,0,0,0,0,2,0,0,0,6,6,63,28,513,281,141,1.30,0,0,1.15,1,1,5,11,16,28,3,3,68,20,1,1,708,46,2,11,5,33,68.4%,15,8,43,8,3,8,3,7,7,2,0,0,0,0,0,0,1,1,0,0,6,0,0,2,2,1,0,5,5,1,2,2,1,0,2,0,0,2,3,2,5,140,273,295,21,33.3%,82.3%,191,46,185,65,236,212,58.8%,34,1.61,0,16,23,23,8,2,0.93,0.37,0.93,0.37,1.30,16,0,0.07,18,0.25,0.14,46.5%,14.00,15,13,9,13,9,15380,,,PAC vs ATO,true,false,false,false,true,2020-09-03,7uqr7tcyx5axz4fcls8m9stn8,dn8tjhuq0bax4dgixqvluhzze,16614,16614,Pacific,Atlético Ottawa,ATO,0,1,Played,L 0-1,2126262,PAC vs ATO (2020-09-03)
1,b3436h8h14zw7f1uv6w9vqf6y,15380,Pacific,Pacific,PAC,6lkj3o21cr4g7bql6tb3fk222,Canadian Premier League (Canada),1,4,4,1,3,3,0,4,2,4,1,2,0,0,0,0,2,0,1,0,1,0,1,1,3,3,86,25,470,203,156,1.98,2,1,1.10,2,1,2,7,9,26,2,0,66,14,1,1,684,52,7,13,16,51,76.9%,15,8,56,5,1,5,5,2,11,1,0,0,1,0,0,0,1,1,0,0,4,0,0,3,0,0,0,4,2,2,0,1,0,3,1,0,0,0,2,0,6,158,218,308,24,39.1%,76.4%,189,55,115,81,235,154,43.8%,32,1.77,1,16,30,30,17,4,0.53,1.45,0.53,1.45,1.98,8,4,0.15,13,0.13,0.14,40.0%,16.00,10,16,13,16,13,15380,,,PAC vs EDM,true,false,true,false,false,2020-09-06,7v18c0lc1p8rx62p3chr1w07o,73xrv2025rnj0t3y9ayp83bec,6925,6925,Pacific,Edmonton,EDM,2,1,Played,W 2-1,2126273,PAC vs EDM (2020-09-06)
1,b3436h8h14zw7f1uv6w9vqf6y,15380,Pacific,Pacific,PAC,6lkj3o21cr4g7bql6tb3fk222,Canadian Premier League (Canada),1,4,4,0,1,1,0,1,0,3,2,0,0,0,0,0,0,0,0,0,0,0,0,0,2,2,62,45,448,218,123,0.49,1,0,0.38,1,1,1,1,2,13,1,0,45,5,0,0,621,36,4,9,9,45,72.2%,22,11,48,0,5,2,6,1,9,2,0,2,0,0,1,0,3,3,0,0,3,0,0,1,0,0,0,3,3,0,1,1,0,2,1,0,0,1,5,6,8,113,239,269,9,35.3%,76.1%,185,38,118,47,223,178,52.2%,23,3.01,0,19,34,34,9,2,0.36,0.13,0.36,0.13,0.49,2,1,0.10,5,0.16,0.10,39.4%,12.00,36,7,20,7,20,15380,,,CAV vs PAC,false,true,false,false,true,2020-09-10,6pp5y6tmtbxolhpklcv0tx5as,41ewt71n8fqwy6trsqta1bjvu,15381,15381,Pacific,Cavalry,CAV,1,3,Played,L 1-3,2137182,CAV vs PAC (2020-09-10)
1,b3436h8h14zw7f1uv6w9vqf6y,15380,Pacific,Pacific,PAC,6lkj3o21cr4g7bql6tb3fk222,Canadian Premier League (Canada),1,3,3,0,2,2,0,5,0,2,1,0,0,0,0,0,0,0,0,0,1,1,0,0,0,2,79,20,519,262,158,0.80,0,0,0.70,1,1,2,5,7,17,2,0,50,7,0,0,730,53,6,12,10,45,78.3%,15,7,50,6,6,7,4,6,7,0,0,2,0,0,0,2,2,2,0,0,1,0,0,1,0,0,0,1,1,0,0,0,0,0,1,0,0,2,1,0,9,132,276,322,20,35.3%,80.9%,222,31,167,53,269,197,42.1%,19,1.33,0,26,32,32,11,2,0.65,0.15,0.65,0.15,0.80,7,3,0.09,9,0.35,0.35,40.4%,14.00,22,16,23,16,23,15380,,,FOR vs PAC,false,true,false,false,true,2020-09-12,al6itp61bch64gv1bhhncxyqc,c2pdzdl3dgf5b0siidn2ay5ii,15377,15377,Pacific,Forge,FOR,0,2,Played,L 0-2,2137184,FOR vs PAC (2020-09-12)
1,b3436h8h14zw7f1uv6w9vqf6y,15380,Pacific,Pacific,PAC,6lkj3o21cr4g7bql6tb3fk222,Canadian Premier League (Canada),1,3,3,1,7,6,1,0,1,2,0,2,0,0,0,0,5,0,5,2,1,2,1,2,4,2,82,35,545,269,159,1.99,5,5,1.92,5,5,0,9,9,23,0,0,57,17,0,0,769,54,8,18,18,62,68.4%,18,3,73,6,1,8,1,0,4,1,1,0,0,0,1,0,0,0,0,0,2,0,0,2,0,0,0,2,0,2,0,0,0,2,0,0,0,1,1,6,14,144,270,355,19,35.0%,78.5%,224,47,157,68,273,204,47.4%,19,0.85,5,18,36,36,20,6,1.99,0.00,1.99,0.00,1.99,4,5,0.20,10,0.22,0.27,40.8%,22.00,24,12,17,12,17,15380,,,HFX vs PAC,false,true,true,false,false,2020-09-16,1m8l5iaa0hhjfd9pq3ftmklxw,5gmx3o5y2oc0i6rowjwtu7jvu,15376,15376,Pacific,HFX Wanderers,HFX,5,0,Played,W 5-0,2137187,HFX vs PAC (2020-09-16)
1,dd2vf0yzjm7jm7cak9tf11sa2,15378,Valour,Valour,VAL,6lkj3o21cr4g7bql6tb3fk222,Canadian Premier League (Canada),1,5,5,0,0,0,0,1,0,3,2,1,0,0,0,0,0,0,0,0,1,0,0,0,0,2,56,22,321,138,105,0.12,0,0,0.09,0,0,0,3,3,10,1,0,36,4,0,0,466,52,5,6,8,32,61.1%,11,7,35,9,7,7,1,6,5,3,0,0,0,0,0,0,2,2,0,0,1,0,0,0,1,0,0,1,1,0,0,1,0,0,0,0,0,2,3,2,10,87,188,191,6,40.8%,75.7%,114,37,92,50,149,122,50.0%,22,1.90,0,8,24,24,8,0,0.12,0.00,0.12,0.00,0.12,3,1,0.03,4,0.13,0.13,39.4%,7.00,16,10,10,10,10,15378,,,VAL vs CAV,true,false,false,false,true,2020-08-16,7t877d5i442n1ar3pg35nz02c,41ewt71n8fqwy6trsqta1bjvu,15381,15381,Valour,Cavalry,CAV,0,2,Played,L 0-2,2126228,VAL vs CAV (2020-08-16)
1,dd2vf0yzjm7jm7cak9tf11sa2,15378,Valour,Valour,VAL,6lkj3o21cr4g7bql6tb3fk222,Canadian Premier League (Canada),1,5,5,1,11,8,3,3,2,5,1,1,1,1,1,0,3,1,2,1,3,1,1,2,3,9,33,17,457,209,198,2.25,4,3,1.09,2,1,4,9,13,27,4,0,46,12,1,1,641,38,5,10,10,36,75.0%,8,2,46,3,2,4,6,5,4,0,1,0,0,0,0,0,0,0,0,1,3,0,0,2,1,0,0,3,2,1,1,0,0,2,0,0,0,3,0,6,11,184,217,240,33,35.0%,89.1%,176,88,143,106,189,162,80.0%,5,0.50,1,17,29,29,7,0,1.17,1.08,1.17,1.08,1.46,10,3,0.11,21,0.41,0.44,24.1%,11.00,16,22,11,22,11,15378,,,ATO vs VAL,false,true,true,false,false,2020-08-19,7tdd1uok6zk7bgycge748czdg,dn8tjhuq0bax4dgixqvluhzze,16614,16614,Valour,Atlético Ottawa,ATO,4,0,Played,W 4-0,2126235,ATO vs VAL (2020-08-19)
1,dd2vf0yzjm7jm7cak9tf11sa2,15378,Valour,Valour,VAL,6lkj3o21cr4g7bql6tb3fk222,Canadian Premier League (Canada),1,5,5,0,3,1,2,1,3,4,3,0,0,0,2,0,0,0,0,0,1,0,0,0,0,6,59,24,381,176,122,0.60,0,0,0.41,0,0,1,5,6,5,1,0,41,0,0,0,554,46,9,8,10,47,77.3%,17,9,44,4,6,9,4,9,4,1,1,1,0,0,1,1,0,0,0,0,3,0,0,1,1,0,0,3,1,2,1,1,0,2,0,0,0,2,0,4,8,128,243,183,12,38.6%,78.2%,128,51,119,73,154,154,36.8%,19,0.67,0,6,40,40,4,3,0.26,0.34,0.26,0.34,0.60,6,5,0.05,11,0.17,0.00,32.4%,12.00,21,15,21,15,21,15378,,,YRK vs VAL,false,true,false,true,false,2020-08-22,7tlbzq6emywjn0z9q1pwzwxsk,cqthcpums3aas2tdy0qhlkuwa,15382,15382,Valour,York United,YRK,0,0,Played,T 0-0,2126241,YRK vs VAL (2020-08-22)
1,dd2vf0yzjm7jm7cak9tf11sa2,15378,Valour,Valour,VAL,6lkj3o21cr4g7bql6tb3fk222,Canadian Premier League (Canada),1,5,5,0,6,4,2,0,3,5,2,1,1,0,0,0,0,0,0,0,1,0,0,0,1,9,77,24,358,156,101,1.88,0,0,0.43,2,0,3,7,10,19,2,2,43,10,0,0,541,43,5,9,11,35,60.9%,7,2,48,5,2,4,3,1,9,1,0,0,0,1,0,0,2,2,0,1,6,0,0,3,2,0,1,5,5,1,0,2,0,2,2,0,0,1,2,4,5,118,195,228,20,38.3%,71.8%,123,34,100,47,172,139,33.3%,18,1.62,0,13,23,23,9,3,0.35,1.53,0.35,1.53,1.09,10,2,0.13,14,0.15,0.00,38.1%,12.00,25,14,15,14,15,15378,,,PAC vs VAL,false,true,false,false,true,2020-08-26,7tw47791fe2i850ddmt0nthqs,b3436h8h14zw7f1uv6w9vqf6y,15380,15380,Valour,Pacific,PAC,0,2,Played,L 0-2,2126245,PAC vs VAL (2020-08-26)
1,dd2vf0yzjm7jm7cak9tf11sa2,15378,Valour,Valour,VAL,6lkj3o21cr4g7bql6tb3fk222,Canadian Premier League (Canada),1,5,5,1,3,3,0,0,0,3,2,1,1,0,0,0,2,0,0,0,0,0,0,2,0,6,66,19,418,163,170,1.65,2,0,0.46,3,1,0,3,3,22,2,1,56,10,1,1,613,69,7,16,16,61,53.5%,20,8,72,10,1,7,1,4,7,1,0,2,1,0,0,0,1,1,0,1,1,0,0,0,1,0,0,1,1,0,0,1,0,0,0,0,0,3,1,6,11,130,190,293,22,40.4%,79.7%,186,57,90,74,229,115,48.0%,25,0.89,1,9,41,41,16,4,0.46,1.19,0.46,1.19,0.86,3,5,0.27,6,0.00,0.00,34.0%,25.00,19,19,19,19,19,15378,,,VAL vs EDM,true,false,true,false,false,2020-08-29,7u70ahhsjfxqkqyoibw4kuql0,73xrv2025rnj0t3y9ayp83bec,6925,6925,Valour,Edmonton,EDM,2,1,Played,W 2-1,2126254,VAL vs EDM (2020-08-29)
1,dd2vf0yzjm7jm7cak9tf11sa2,15378,Valour,Valour,VAL,6lkj3o21cr4g7bql6tb3fk222,Canadian Premier League (Canada),1,5,5,0,5,3,2,1,2,7,3,2,0,0,0,0,0,0,0,0,1,1,0,0,3,7,58,17,509,214,220,0.72,0,0,0.55,0,0,4,7,11,20,1,0,52,11,0,0,687,52,1,11,12,33,66.7%,9,6,56,10,6,6,3,3,9,1,0,0,1,0,0,1,2,1,1,0,3,0,0,0,3,1,0,2,2,1,1,2,0,0,0,0,1,2,1,4,7,181,191,315,20,34.2%,85.3%,229,83,122,106,264,139,57.7%,26,0.73,0,22,18,18,13,2,0.38,0.33,0.38,0.33,0.72,11,3,0.05,15,0.18,0.08,35.7%,19.00,16,22,17,22,17,15378,,,VAL vs HFX,true,false,false,false,true,2020-09-02,7uo653c2y32d06v6dq2as5t04,5gmx3o5y2oc0i6rowjwtu7jvu,15376,15376,Valour,HFX Wanderers,HFX,0,2,Played,L 0-2,2126261,VAL vs HFX (2020-09-02)
1,dd2vf0yzjm7jm7cak9tf11sa2,15378,Valour,Valour,VAL,6lkj3o21cr4g7bql6tb3fk222,Canadian Premier League (Canada),1,5,5,0,8,5,3,1,1,4,2,2,0,0,0,0,2,0,1,2,1,4,0,0,2,5,56,25,305,116,108,1.65,2,2,1.55,4,4,1,10,11,19,1,0,60,10,0,0,518,60,8,16,15,54,66.7%,14,5,47,6,8,4,6,4,8,2,0,1,0,0,0,0,2,2,0,0,2,0,0,0,2,0,0,2,2,0,1,1,0,0,0,0,0,3,5,4,11,135,186,197,22,42.6%,73.4%,108,37,79,51,136,118,33.3%,27,2.24,2,29,35,35,13,6,1.16,0.49,1.16,0.49,1.65,9,2,0.12,14,0.45,0.57,34.2%,11.00,26,15,13,15,13,15378,,,FOR vs VAL,false,true,false,true,false,2020-09-05,7utday42etwsaaqej3w9gmqz8,c2pdzdl3dgf5b0siidn2ay5ii,15377,15377,Valour,Forge,FOR,2,2,Played,T 2-2,2126266,FOR vs VAL (2020-09-05)
1,41ewt71n8fqwy6trsqta1bjvu,15381,Cavalry,Cavalry,CAV,6lkj3o21cr4g7bql6tb3fk222,Canadian Premier League (Canada),1,5,5,0,6,5,1,3,1,4,4,0,1,1,0,0,2,0,0,1,0,3,1,0,3,4,76,26,398,166,130,1.74,2,1,0.85,3,2,3,7,10,23,2,0,62,10,1,0,568,55,2,8,6,29,62.5%,13,4,55,5,3,11,3,5,7,0,0,0,0,0,0,0,2,2,0,1,2,0,0,1,1,0,0,2,0,2,1,0,0,1,0,0,0,1,1,6,3,160,181,227,24,41.7%,74.4%,147,55,94,80,187,131,62.2%,45,0.89,2,17,19,19,6,4,0.58,1.15,0.58,1.15,0.95,9,3,0.12,14,0.29,0.18,35.2%,18.00,13,19,11,19,11,15381,,,FOR vs CAV,false,true,false,true,false,2020-08-14,7st0tt53e4ksjueglfgouulg4,c2pdzdl3dgf5b0siidn2ay5ii,15377,15377,Cavalry,Forge,FOR,2,2,Played,T 2-2,2126218,FOR vs CAV (2020-08-14)
1,41ewt71n8fqwy6trsqta1bjvu,15381,Cavalry,Cavalry,CAV,6lkj3o21cr4g7bql6tb3fk222,Canadian Premier League (Canada),1,5,5,1,3,3,0,1,1,3,0,0,1,1,0,0,2,0,1,1,2,1,0,1,1,2,61,21,436,265,89,1.90,2,1,0.83,3,1,4,2,6,14,0,0,52,7,0,0,600,36,8,7,9,38,78.9%,13,7,40,6,1,6,5,8,7,2,1,0,0,0,0,0,0,0,0,1,0,0,0,0,0,0,0,0,0,0,0,0,0,0,0,0,0,3,0,4,6,110,254,236,15,36.0%,81.2%,152,32,170,43,184,209,50.0%,22,0.12,2,16,21,21,10,7,0.85,1.05,0.85,1.05,1.11,5,1,0.24,8,0.31,0.22,34.2%,8.00,14,10,10,10,10,15381,,,VAL vs CAV,false,true,true,false,false,2020-08-16,7t877d5i442n1ar3pg35nz02c,dd2vf0yzjm7jm7cak9tf11sa2,15378,15378,Cavalry,Valour,VAL,2,0,Played,W 2-0,2126228,VAL vs CAV (2020-08-16)
1,41ewt71n8fqwy6trsqta1bjvu,15381,Cavalry,Cavalry,CAV,6lkj3o21cr4g7bql6tb3fk222,Canadian Premier League (Canada),1,3,3,1,5,4,1,0,2,6,0,2,1,1,1,0,2,0,1,0,3,0,1,1,1,7,67,17,592,324,184,2.92,2,1,1.70,5,3,5,6,11,12,0,0,46,6,1,1,760,52,7,7,6,30,70.0%,8,4,45,7,4,5,3,7,6,0,1,0,0,0,0,0,0,0,0,1,0,0,0,0,0,0,0,0,0,0,0,0,0,0,0,0,0,0,0,4,7,116,210,434,19,30.4%,85.8%,316,42,150,51,371,170,34.4%,32,0.26,2,22,18,18,11,1,1.45,1.47,1.45,1.47,2.13,10,0,0.22,13,0.36,0.21,31.4%,10.00,18,11,3,11,3,15381,,,EDM vs CAV,false,true,true,false,false,2020-08-21,7tigxj35sgqjbet0qxe22v21g,73xrv2025rnj0t3y9ayp83bec,6925,6925,Cavalry,Edmonton,EDM,2,0,Played,W 2-0,2126240,EDM vs CAV (2020-08-21)
1,41ewt71n8fqwy6trsqta1bjvu,15381,Cavalry,Cavalry,CAV,6lkj3o21cr4g7bql6tb3fk222,Canadian Premier League (Canada),1,5,5,1,4,2,2,2,0,2,0,1,0,0,0,0,1,1,2,0,0,0,1,1,3,3,61,32,498,264,141,0.55,2,1,0.44,2,1,2,3,5,16,0,0,62,9,0,0,688,55,11,9,10,43,69.0%,13,4,54,11,1,9,2,7,9,2,0,1,0,1,1,1,1,1,0,0,2,0,0,0,2,0,0,2,2,0,0,2,0,0,0,0,0,1,2,2,6,127,285,276,23,35.1%,81.3%,189,51,165,64,221,213,45.5%,33,1.37,0,16,32,32,9,2,0.44,0.11,0.44,0.11,0.55,4,3,0.07,8,0.25,0.09,28.2%,8.00,21,16,15,16,15,15381,,,CAV vs HFX,true,false,true,false,false,2020-08-24,7ttg3e5vjj75ni6bxtqwrww7o,5gmx3o5y2oc0i6rowjwtu7jvu,15376,15376,Cavalry,HFX Wanderers,HFX,2,1,Played,W 2-1,2126244,CAV vs HFX (2020-08-24)
1,41ewt71n8fqwy6trsqta1bjvu,15381,Cavalry,Cavalry,CAV,6lkj3o21cr4g7bql6tb3fk222,Canadian Premier League (Canada),1,3,3,0,4,2,2,1,2,4,1,3,0,0,1,0,0,0,0,0,0,0,0,0,3,5,75,24,486,222,165,1.09,0,0,0.95,2,2,1,7,8,23,0,0,55,12,2,0,686,51,2,16,13,43,69.2%,12,1,46,2,2,10,3,4,7,0,0,0,0,0,1,0,2,1,1,0,0,0,0,0,0,0,0,0,0,0,0,0,0,0,0,0,0,0,1,4,7,175,238,273,17,40.1%,79.6%,177,59,151,82,219,185,44.4%,27,0.56,0,31,26,26,12,5,1.01,0.08,1.01,0.08,1.09,8,1,0.10,11,0.16,0.22,41.0%,13.00,16,25,9,25,9,15381,,,ATO vs CAV,false,true,false,false,true,2020-08-27,7u47vp82i9898dpktaf5q6psk,dn8tjhuq0bax4dgixqvluhzze,16614,16614,Cavalry,Atlético Ottawa,ATO,0,2,Played,L 0-2,2126251,ATO vs CAV (2020-08-27)
1,41ewt71n8fqwy6trsqta1bjvu,15381,Cavalry,Cavalry,CAV,6lkj3o21cr4g7bql6tb3fk222,Canadian Premier League (Canada),1,5,5,0,3,2,1,1,1,4,2,0,1,1,0,0,1,0,0,0,1,0,1,0,2,4,72,22,390,179,117,1.44,1,0,0.52,1,0,1,4,5,15,2,1,42,4,1,1,576,55,4,8,11,33,42.9%,8,2,51,9,1,3,7,3,6,2,0,0,1,0,0,0,2,2,0,1,1,0,0,0,1,0,0,1,0,1,0,1,0,0,0,0,0,3,3,12,9,136,190,250,22,39.0%,75.9%,145,46,105,56,197,137,37.0%,27,2.26,1,21,24,24,7,2,0.51,0.92,0.51,0.92,0.65,5,3,0.16,9,0.19,0.21,44.4%,15.00,15,14,16,14,16,15381,,,CAV vs PAC,true,false,false,false,true,2020-08-30,7uiktgg1hzmxb1oky4wpsigwk,b3436h8h14zw7f1uv6w9vqf6y,15380,15380,Cavalry,Pacific,PAC,1,2,Played,L 1-2,2126258,CAV vs PAC (2020-08-30)
1,41ewt71n8fqwy6trsqta1bjvu,15381,Cavalry,Cavalry,CAV,6lkj3o21cr4g7bql6tb3fk222,Canadian Premier League (Canada),1,3,3,1,4,2,2,1,1,6,2,3,0,0,0,0,1,0,0,0,0,1,0,1,2,7,75,18,404,169,142,1.01,1,0,0.42,1,0,1,7,8,18,1,1,52,6,0,0,613,58,7,10,14,51,60.7%,19,11,53,5,3,9,4,1,4,1,1,1,0,0,0,0,0,0,0,0,4,0,2,1,2,0,0,4,4,0,1,0,2,0,0,0,0,1,2,4,6,161,195,257,24,42.3%,77.0%,155,53,103,71,197,136,57.1%,35,1.12,1,24,25,25,20,6,0.36,0.65,0.36,0.65,1.01,8,1,0.08,12,0.17,0.20,51.2%,16.00,15,15,11,15,11,15381,,,CAV vs YRK,true,false,true,false,false,2020-09-05,7uw4ffr6e4epa23s5veyr3cpg,cqthcpums3aas2tdy0qhlkuwa,15382,15382,Cavalry,York United,YRK,1,0,Played,W 1-0,2126268,CAV vs YRK (2020-09-05)
1,41ewt71n8fqwy6trsqta1bjvu,15381,Cavalry,Cavalry,CAV,6lkj3o21cr4g7bql6tb3fk222,Canadian Premier League (Canada),1,5,5,1,7,7,0,0,0,6,0,5,1,1,0,0,3,0,2,0,1,1,1,2,2,9,68,27,349,127,127,3.01,3,1,1.78,5,3,2,6,8,13,1,1,36,5,1,1,524,45,2,11,5,40,72.2%,19,10,41,1,6,9,5,0,2,0,0,0,0,0,0,0,1,1,0,1,1,0,0,0,0,0,0,1,1,0,0,1,1,0,0,0,0,2,1,2,6,161,185,178,34,37.8%,72.8%,107,53,94,78,136,135,47.8%,23,0.49,2,28,31,31,6,3,1.38,1.62,1.38,1.62,2.22,7,1,0.23,13,0.29,0.24,69.0%,16.00,13,20,7,20,7,15381,,,CAV vs PAC,true,false,true,false,false,2020-09-10,6pp5y6tmtbxolhpklcv0tx5as,b3436h8h14zw7f1uv6w9vqf6y,15380,15380,Cavalry,Pacific,PAC,3,1,Played,W 3-1,2137182,CAV vs PAC (2020-09-10)
1,41ewt71n8fqwy6trsqta1bjvu,15381,Cavalry,Cavalry,CAV,6lkj3o21cr4g7bql6tb3fk222,Canadian Premier League (Canada),1,4,4,0,3,3,0,0,1,7,3,2,0,0,0,0,1,0,1,0,2,0,1,0,2,6,81,32,448,191,144,1.11,1,0,0.38,1,0,2,6,8,10,0,0,42,5,0,0,616,67,3,4,9,30,43.8%,11,4,59,4,3,8,0,7,6,4,0,0,0,0,1,0,2,2,0,0,2,0,0,1,0,0,0,2,1,1,0,1,1,1,0,1,0,3,4,2,20,131,198,287,12,40.2%,74.8%,181,48,106,59,241,148,43.2%,37,2.62,1,19,22,22,7,1,0.97,0.14,0.97,0.14,1.11,8,3,0.10,11,0.21,0.21,59.5%,14.00,24,8,13,8,13,15381,,,CAV vs HFX,true,false,false,false,true,2020-09-12,cap8cqg4fk34voy1o310hy39w,5gmx3o5y2oc0i6rowjwtu7jvu,15376,15376,Cavalry,HFX Wanderers,HFX,1,2,Played,L 1-2,2137185,CAV vs HFX (2020-09-12)
1,41ewt71n8fqwy6trsqta1bjvu,15381,Cavalry,Cavalry,CAV,6lkj3o21cr4g7bql6tb3fk222,Canadian Premier League (Canada),1,4,4,0,3,1,2,1,1,6,2,2,0,0,1,0,0,0,0,0,4,1,0,0,2,2,103,26,446,186,131,1.07,0,0,1.03,1,1,5,5,10,8,0,0,75,5,0,0,656,69,8,10,16,47,62.1%,11,4,52,9,3,7,5,5,8,2,0,0,0,0,0,0,1,1,0,0,0,0,0,0,0,0,0,0,0,0,0,0,0,0,0,0,0,1,3,0,12,152,223,281,17,42.6%,71.1%,161,36,120,65,219,162,57.4%,61,1.41,0,24,26,26,18,3,0.82,0.25,0.82,0.25,1.07,10,2,0.10,11,0.33,0.28,56.4%,11.00,18,23,15,23,15,15381,,,CAV vs FOR,true,false,false,false,true,2020-09-15,dykc0lh8alwaa1f7yjoh09bf8,c2pdzdl3dgf5b0siidn2ay5ii,15377,15377,Cavalry,Forge,FOR,0,1,Played,L 0-1,2137186,CAV vs FOR (2020-09-15)
1,dn8tjhuq0bax4dgixqvluhzze,16614,Atlético Ottawa,Atlético Ottawa,ATO,6lkj3o21cr4g7bql6tb3fk222,Canadian Premier League (Canada),1,3,3,0,2,2,0,0,1,1,1,0,0,0,1,0,2,0,2,0,0,0,1,1,2,1,75,19,425,184,147,1.35,2,2,1.31,2,2,0,3,3,7,0,0,36,5,1,1,580,58,5,9,13,45,60.9%,16,8,50,3,4,12,1,5,5,0,0,0,0,0,0,0,2,2,0,0,4,0,0,2,1,1,0,3,2,2,1,1,0,1,1,1,0,1,2,0,13,135,222,223,11,38.4%,77.9%,151,67,113,83,185,157,30.4%,23,1.98,2,12,34,34,9,2,1.31,0.04,1.31,0.04,1.35,1,3,0.34,4,0.00,0.00,26.2%,9.00,19,17,22,17,22,16614,,,YRK vs ATO,false,true,false,true,false,2020-08-15,7sxxjco5mob1kgt5i4e2mw00k,cqthcpums3aas2tdy0qhlkuwa,15382,15382,Atlético Ottawa,York United,YRK,2,2,Played,T 2-2,2126220,YRK vs ATO (2020-08-15)
1,dn8tjhuq0bax4dgixqvluhzze,16614,Atlético Ottawa,Atlético Ottawa,ATO,6lkj3o21cr4g7bql6tb3fk222,Canadian Premier League (Canada),1,2,2,0,3,2,1,2,1,4,2,1,0,0,2,0,0,0,0,0,1,1,0,0,2,3,39,16,313,145,113,0.50,0,0,0.32,0,0,1,5,6,10,1,0,38,5,0,0,479,46,3,20,6,45,65.7%,15,7,38,5,6,4,2,3,4,0,0,0,0,0,0,0,4,3,1,0,7,0,0,1,5,0,0,7,5,2,1,5,0,1,1,1,0,2,2,0,10,121,172,186,13,37.7%,82.4%,119,49,90,53,148,112,20.0%,5,2.25,0,13,32,32,9,4,0.36,0.14,0.36,0.14,0.50,6,5,0.05,10,0.23,0.17,31.3%,9.00,13,11,22,11,22,16614,,,ATO vs VAL,true,false,false,false,true,2020-08-19,7tdd1uok6zk7bgycge748czdg,dd2vf0yzjm7jm7cak9tf11sa2,15378,15378,Atlético Ottawa,Valour,VAL,0,4,Played,L 0-4,2126235,ATO vs VAL (2020-08-19)
1,dn8tjhuq0bax4dgixqvluhzze,16614,Atlético Ottawa,Atlético Ottawa,ATO,6lkj3o21cr4g7bql6tb3fk222,Canadian Premier League (Canada),1,2,2,0,4,2,2,1,1,5,3,1,0,0,1,0,2,0,2,0,1,0,0,2,4,4,62,20,344,102,160,0.73,2,2,0.62,1,1,1,7,8,13,0,0,52,4,0,0,516,58,7,14,11,53,65.6%,18,9,48,7,5,5,4,7,5,3,0,0,1,0,0,1,2,2,0,0,2,0,0,0,1,0,0,2,1,1,1,1,0,1,0,0,0,3,3,4,11,151,179,186,12,43.6%,76.2%,112,84,66,99,143,102,46.2%,26,2.38,1,14,42,42,7,4,0.59,0.14,0.59,0.14,0.73,6,3,0.07,11,0.07,0.00,27.8%,10.00,11,12,11,12,11,16614,,,ATO vs EDM,true,false,false,true,false,2020-08-23,7tqr229an5mqpjp1qgvl7e0pg,73xrv2025rnj0t3y9ayp83bec,6925,6925,Atlético Ottawa,Edmonton,EDM,2,2,Played,T 2-2,2126243,ATO vs EDM (2020-08-23)
1,dn8tjhuq0bax4dgixqvluhzze,16614,Atlético Ottawa,Atlético Ottawa,ATO,6lkj3o21cr4g7bql6tb3fk222,Canadian Premier League (Canada),1,3,3,1,2,1,1,1,0,3,1,1,0,0,1,0,1,1,2,0,1,0,0,2,1,3,66,38,316,100,112,0.56,2,1,0.46,1,1,1,3,4,21,1,0,51,8,1,0,502,55,7,9,9,54,57.1%,23,12,43,4,3,8,2,2,9,3,1,1,0,0,0,0,0,0,0,0,4,0,0,3,1,1,0,3,2,2,0,1,1,1,0,0,0,2,2,4,7,102,180,220,10,48.1%,67.1%,120,39,53,53,162,101,55.6%,27,1.09,0,6,40,40,11,3,0.23,0.33,0.23,0.33,0.56,3,3,0.09,6,0.17,0.00,38.2%,10.00,29,9,25,9,25,16614,,,ATO vs CAV,true,false,true,false,false,2020-08-27,7u47vp82i9898dpktaf5q6psk,41ewt71n8fqwy6trsqta1bjvu,15381,15381,Atlético Ottawa,Cavalry,CAV,2,0,Played,W 2-0,2126251,ATO vs CAV (2020-08-27)
1,dn8tjhuq0bax4dgixqvluhzze,16614,Atlético Ottawa,Atlético Ottawa,ATO,6lkj3o21cr4g7bql6tb3fk222,Canadian Premier League (Canada),1,4,4,0,3,1,2,0,1,1,1,0,0,0,0,0,0,0,0,0,0,0,0,0,2,2,56,22,435,180,177,0.19,0,0,0.14,0,0,0,4,4,17,0,0,47,8,0,0,620,63,5,15,4,40,52.6%,15,7,46,3,9,8,3,4,6,1,0,0,1,0,0,0,2,2,0,0,2,0,0,2,1,0,0,2,2,0,0,0,0,1,0,0,0,2,6,2,8,136,179,305,6,30.8%,82.1%,215,57,85,68,246,121,35.3%,17,3.89,0,23,27,27,11,2,0.19,0.00,0.19,0.00,0.19,4,2,0.04,5,0.09,0.12,37.2%,9.00,23,7,11,7,11,16614,,,ATO vs FOR,true,false,false,false,true,2020-08-30,7ufagyfpmg0q5miihyn7181ec,c2pdzdl3dgf5b0siidn2ay5ii,15377,15377,Atlético Ottawa,Forge,FOR,0,2,Played,L 0-2,2126257,ATO vs FOR (2020-08-30)
1,dn8tjhuq0bax4dgixqvluhzze,16614,Atlético Ottawa,Atlético Ottawa,ATO,6lkj3o21cr4g7bql6tb3fk222,Canadian Premier League (Canada),1,3,3,1,6,5,1,0,0,2,0,1,0,0,0,0,1,0,0,0,2,0,0,1,4,2,58,22,301,123,98,1.61,1,0,1.00,3,2,3,3,6,12,0,0,46,6,2,1,490,68,4,8,11,37,37.5%,12,6,34,7,4,8,3,7,6,1,1,0,0,0,1,0,0,0,0,0,4,0,0,3,1,1,0,3,3,1,0,1,0,1,1,0,0,5,1,0,7,111,208,171,14,46.5%,73.4%,94,35,92,45,123,133,41.2%,34,1.30,1,19,30,30,7,0,0.48,1.13,0.48,1.13,1.61,6,4,0.20,8,0.21,0.20,30.8%,6.00,24,9,13,9,13,16614,,,PAC vs ATO,false,true,true,false,false,2020-09-03,7uqr7tcyx5axz4fcls8m9stn8,b3436h8h14zw7f1uv6w9vqf6y,15380,15380,Atlético Ottawa,Pacific,PAC,1,0,Played,W 1-0,2126262,PAC vs ATO (2020-09-03)
1,dn8tjhuq0bax4dgixqvluhzze,16614,Atlético Ottawa,Atlético Ottawa,ATO,6lkj3o21cr4g7bql6tb3fk222,Canadian Premier League (Canada),1,2,2,0,5,3,2,3,2,2,0,2,0,0,1,0,0,0,0,0,1,0,0,0,4,2,61,26,475,223,165,0.90,0,0,0.59,1,1,0,6,6,12,0,0,49,7,0,0,675,64,6,9,8,36,51.7%,13,4,53,4,2,9,4,2,7,2,0,0,1,0,1,1,2,1,1,0,1,0,0,1,0,0,0,1,0,1,0,0,0,1,0,0,0,1,2,2,17,158,216,301,19,33.5%,81.7%,192,58,138,72,238,165,50.0%,28,0.91,0,26,23,23,13,0,0.77,0.13,0.77,0.13,0.90,6,1,0.07,12,0.04,0.06,47.5%,13.00,18,15,14,15,14,16614,,,HFX vs ATO,false,true,false,false,true,2020-09-06,7uyp0xq7ry9gphpbd0m2m60ic,5gmx3o5y2oc0i6rowjwtu7jvu,15376,15376,Atlético Ottawa,HFX Wanderers,HFX,0,2,Played,L 0-2,2126270,HFX vs ATO (2020-09-06)
